Name,year,page
Go lang web dev,2016,280
Go lang thread,2018,256
Go lang interpreter,2018,316
Name,year,page
Go lang web dev,2016,280
Go lang thread,2018,256
Go lang interpreter,2018,316
Name,year,page
Go lang web dev,2016,280
Go lang thread,2018,256
Go lang interpreter,2018,316
Name,year,page
Go lang web dev,2016,280
Go lang thread,2018,256
Go lang interpreter,2018,316
Name,year,page
Go lang web dev,2016,280
Go lang thread,2018,256
Go lang interpreter,2018,316
Name,year,page
Go lang web dev,2016,280
Go lang thread,2018,256
Go lang interpreter,2018,316
Name,year,page
Go lang web dev,2016,280
Go lang thread,2018,256
Go lang interpreter,2018,316
Name,year,page
Go lang web dev,2016,280
Go lang thread,2018,256
Go lang interpreter,2018,316
Name,year,page
Go lang web dev,2016,280
Go lang thread,2018,256
Go lang interpreter,2018,316
Name,year,page
Go lang web dev,2016,280
Go lang thread,2018,256
Go lang interpreter,2018,316
Name,year,page
Go lang web dev,2016,280
Go lang thread,2018,256
Go lang interpreter,2018,316
Name,year,page
Go lang web dev,2016,280
Go lang thread,2018,256
Go lang interpreter,2018,316
Name,year,page
Go lang web dev,2016,280
Go lang thread,2018,256
Go lang interpreter,2018,316
